{
  "project_info": {
    "project_number": "747597026164",
    "project_id": "firstproject-b5671",
    "storage_bucket": "firstproject-b5671.appspot.com"
  },
  "client": [
    {
      "client_info": {
        "mobilesdk_app_id": "1:747597026164:android:116c17c22d1baac4a7d221",
        "android_client_info": {
          "package_name": "com.example.firstproject"
        }
      },
      "oauth_client": [
        {
          "client_id": "747597026164-22qvj009od149ktk15djnnt72c026g4s.apps.googleusercontent.com",
          "client_type": 3
        }
      ],
      "api_key": [
        {
          "current_key": "AIzaSyCsgMvAkKP1bnw8-mGjL2wxSwJXjNdMxL0"
        }
      ],
      "services": {
        "appinvite_service": {
          "other_platform_oauth_client": [
            {
              "client_id": "747597026164-22qvj009od149ktk15djnnt72c026g4s.apps.googleusercontent.com",
              "client_type": 3
            }
          ]
        }
      }
    }
  ],
  "configuration_version": "1"
}